[{"model": "admin.logentry", "pk": 9, "fields": {"action_time": "2021-07-17T21:28:13.549Z", "user": 12, "content_type": 8, "object_id": "13", "object_repr": "testuser", "action_flag": 3, "change_message": ""}}, {"model": "admin.logentry", "pk": 10, "fields": {"action_time": "2021-07-17T21:46:40.106Z", "user": 12, "content_type": 8, "object_id": "14", "object_repr": "testuser", "action_flag": 3, "change_message": ""}}, {"model": "admin.logentry", "pk": 11, "fields": {"action_time": "2021-07-17T21:50:33.487Z", "user": 12, "content_type": 8, "object_id": "15", "object_repr": "testuser", "action_flag": 3, "change_message": ""}}, {"model": "admin.logentry", "pk": 12, "fields": {"action_time": "2021-07-17T21:53:45.124Z", "user": 12, "content_type": 8, "object_id": "16", "object_repr": "testuser", "action_flag": 3, "change_message": ""}}, {"model": "admin.logentry", "pk": 13, "fields": {"action_time": "2021-07-17T21:59:48.654Z", "user": 12, "content_type": 8, "object_id": "17", "object_repr": "testuser", "action_flag": 3, "change_message": ""}}, {"model": "admin.logentry", "pk": 14, "fields": {"action_time": "2021-07-17T22:01:26.555Z", "user": 12, "content_type": 8, "object_id": "18", "object_repr": "testuser", "action_flag": 3, "change_message": ""}}, {"model": "admin.logentry", "pk": 15, "fields": {"action_time": "2021-07-17T22:02:42.874Z", "user": 12, "content_type": 8, "object_id": "19", "object_repr": "testuser", "action_flag": 3, "change_message": ""}}, {"model": "admin.logentry", "pk": 16, "fields": {"action_time": "2021-07-17T22:06:38.408Z", "user": 12, "content_type": 8, "object_id": "20", "object_repr": "testuser", "action_flag": 3, "change_message": ""}}, {"model": "admin.logentry", "pk": 17, "fields": {"action_time": "2021-07-18T08:17:54.155Z", "user": 12, "content_type": 8, "object_id": "21", "object_repr": "testuser", "action_flag": 3, "change_message": ""}}, {"model": "admin.logentry", "pk": 18, "fields": {"action_time": "2021-07-18T08:23:02.860Z", "user": 12, "content_type": 8, "object_id": "22", "object_repr": "testuser", "action_flag": 3, "change_message": ""}}, {"model": "admin.logentry", "pk": 19, "fields": {"action_time": "2021-07-18T09:14:13.073Z", "user": 12, "content_type": 8, "object_id": "23", "object_repr": "testuser", "action_flag": 3, "change_message": ""}}, {"model": "admin.logentry", "pk": 20, "fields": {"action_time": "2021-07-18T09:17:24.482Z", "user": 12, "content_type": 8, "object_id": "24", "object_repr": "testuser", "action_flag": 3, "change_message": ""}}, {"model": "admin.logentry", "pk": 21, "fields": {"action_time": "2021-07-18T09:18:27.462Z", "user": 12, "content_type": 8, "object_id": "12", "object_repr": "django", "action_flag": 2, "change_message": "[{\"changed\": {\"fields\": [\"Email address\"]}}]"}}, {"model": "admin.logentry", "pk": 22, "fields": {"action_time": "2021-07-18T09:49:10.218Z", "user": 12, "content_type": 8, "object_id": "12", "object_repr": "django", "action_flag": 2, "change_message": "[{\"changed\": {\"fields\": [\"Email address\"]}}]"}}, {"model": "admin.logentry", "pk": 23, "fields": {"action_time": "2021-07-18T09:50:05.152Z", "user": 12, "content_type": 8, "object_id": "25", "object_repr": "testuser", "action_flag": 3, "change_message": ""}}, {"model": "admin.logentry", "pk": 24, "fields": {"action_time": "2021-07-18T10:39:20.463Z", "user": 12, "content_type": 8, "object_id": "26", "object_repr": "testuser", "action_flag": 3, "change_message": ""}}, {"model": "admin.logentry", "pk": 25, "fields": {"action_time": "2021-07-18T10:55:45.063Z", "user": 12, "content_type": 8, "object_id": "27", "object_repr": "testuser", "action_flag": 3, "change_message": ""}}, {"model": "admin.logentry", "pk": 26, "fields": {"action_time": "2021-07-18T11:00:39.499Z", "user": 12, "content_type": 8, "object_id": "28", "object_repr": "testuser", "action_flag": 3, "change_message": ""}}, {"model": "admin.logentry", "pk": 27, "fields": {"action_time": "2021-07-18T14:48:42.391Z", "user": 12, "content_type": 8, "object_id": "29", "object_repr": "testuser", "action_flag": 2, "change_message": "[{\"changed\": {\"fields\": [\"Active\"]}}]"}}, {"model": "admin.logentry", "pk": 28, "fields": {"action_time": "2021-07-18T14:56:31.579Z", "user": 12, "content_type": 8, "object_id": "29", "object_repr": "testuser", "action_flag": 2, "change_message": "[{\"changed\": {\"fields\": [\"Active\"]}}]"}}, {"model": "admin.logentry", "pk": 29, "fields": {"action_time": "2021-07-18T15:03:42.644Z", "user": 12, "content_type": 8, "object_id": "29", "object_repr": "testuser", "action_flag": 2, "change_message": "[{\"changed\": {\"fields\": [\"Active\"]}}]"}}, {"model": "admin.logentry", "pk": 30, "fields": {"action_time": "2021-07-18T16:10:46.965Z", "user": 12, "content_type": 8, "object_id": "29", "object_repr": "testuser", "action_flag": 2, "change_message": "[{\"changed\": {\"fields\": [\"Active\"]}}]"}}, {"model": "admin.logentry", "pk": 31, "fields": {"action_time": "2021-07-18T16:44:59.744Z", "user": 12, "content_type": 8, "object_id": "29", "object_repr": "testuser", "action_flag": 2, "change_message": "[{\"changed\": {\"fields\": [\"Active\"]}}]"}}, {"model": "admin.logentry", "pk": 32, "fields": {"action_time": "2021-07-18T16:45:44.301Z", "user": 12, "content_type": 8, "object_id": "29", "object_repr": "testuser", "action_flag": 3, "change_message": ""}}, {"model": "admin.logentry", "pk": 33, "fields": {"action_time": "2021-07-18T16:46:37.417Z", "user": 12, "content_type": 8, "object_id": "30", "object_repr": "testuser", "action_flag": 3, "change_message": ""}}, {"model": "admin.logentry", "pk": 34, "fields": {"action_time": "2021-07-18T16:54:16.046Z", "user": 12, "content_type": 8, "object_id": "31", "object_repr": "testuser", "action_flag": 3, "change_message": ""}}, {"model": "admin.logentry", "pk": 35, "fields": {"action_time": "2021-07-18T16:57:27.983Z", "user": 12, "content_type": 8, "object_id": "32", "object_repr": "testuser", "action_flag": 3, "change_message": ""}}, {"model": "admin.logentry", "pk": 36, "fields": {"action_time": "2021-07-18T19:50:55.295Z", "user": 12, "content_type": 8, "object_id": "33", "object_repr": "testuser", "action_flag": 3, "change_message": ""}}, {"model": "admin.logentry", "pk": 37, "fields": {"action_time": "2021-07-18T20:04:51.332Z", "user": 12, "content_type": 8, "object_id": "34", "object_repr": "testuser", "action_flag": 3, "change_message": ""}}, {"model": "admin.logentry", "pk": 38, "fields": {"action_time": "2021-07-19T22:56:35.775Z", "user": 12, "content_type": 8, "object_id": "35", "object_repr": "testuser", "action_flag": 2, "change_message": "[{\"changed\": {\"fields\": [\"Active\"]}}]"}}, {"model": "admin.logentry", "pk": 39, "fields": {"action_time": "2021-07-25T21:43:06.057Z", "user": 12, "content_type": 8, "object_id": "36", "object_repr": "teterin.ra_79", "action_flag": 3, "change_message": ""}}, {"model": "admin.logentry", "pk": 40, "fields": {"action_time": "2021-07-28T18:32:11.864Z", "user": 12, "content_type": 16, "object_id": "3", "object_repr": "Текущий заказ: 3", "action_flag": 3, "change_message": ""}}, {"model": "admin.logentry", "pk": 41, "fields": {"action_time": "2021-07-31T09:02:37.814Z", "user": 12, "content_type": 7, "object_id": "5", "object_repr": "Коричневый спортивный oversized-топ ASOS DESIGN | Одежда", "action_flag": 2, "change_message": "[{\"changed\": {\"fields\": [\"\\u041e\\u043f\\u0443\\u0431\\u043b\\u0438\\u043a\\u043e\\u0432\\u0430\\u043d\"]}}]"}}, {"model": "admin.logentry", "pk": 42, "fields": {"action_time": "2021-07-31T09:02:44.832Z", "user": 12, "content_type": 7, "object_id": "4", "object_repr": "Синяя куртка The North Face | Одежда", "action_flag": 2, "change_message": "[{\"changed\": {\"fields\": [\"\\u041e\\u043f\\u0443\\u0431\\u043b\\u0438\\u043a\\u043e\\u0432\\u0430\\u043d\"]}}]"}}, {"model": "admin.logentry", "pk": 43, "fields": {"action_time": "2021-07-31T09:02:49.830Z", "user": 12, "content_type": 7, "object_id": "8", "object_repr": "Темно-синие широкие строгие брюки ASOS DESIGN | Одежда", "action_flag": 2, "change_message": "[{\"changed\": {\"fields\": [\"\\u041e\\u043f\\u0443\\u0431\\u043b\\u0438\\u043a\\u043e\\u0432\\u0430\\u043d\"]}}]"}}, {"model": "admin.logentry", "pk": 44, "fields": {"action_time": "2021-07-31T09:02:56.583Z", "user": 12, "content_type": 7, "object_id": "3", "object_repr": "Худи черного цвета с монограммами adidas Originals | Одежда", "action_flag": 2, "change_message": "[{\"changed\": {\"fields\": [\"\\u041e\\u043f\\u0443\\u0431\\u043b\\u0438\\u043a\\u043e\\u0432\\u0430\\u043d\"]}}]"}}, {"model": "admin.logentry", "pk": 45, "fields": {"action_time": "2021-07-31T09:03:08.722Z", "user": 12, "content_type": 7, "object_id": "7", "object_repr": "Черные туфли на платформе с 3 парами люверсов Dr Martens 1461 Be | Обувь", "action_flag": 2, "change_message": "[{\"changed\": {\"fields\": [\"\\u041e\\u043f\\u0443\\u0431\\u043b\\u0438\\u043a\\u043e\\u0432\\u0430\\u043d\"]}}]"}}, {"model": "admin.logentry", "pk": 46, "fields": {"action_time": "2021-07-31T09:03:14.374Z", "user": 12, "content_type": 7, "object_id": "6", "object_repr": "Черный рюкзак Nike Heritage | Новинки", "action_flag": 2, "change_message": "[{\"changed\": {\"fields\": [\"\\u041e\\u043f\\u0443\\u0431\\u043b\\u0438\\u043a\\u043e\\u0432\\u0430\\u043d\"]}}]"}}, {"model": "auth.permission", "pk": 1, "fields": {"name": "Can add log entry", "content_type": 1, "codename": "add_logentry"}}, {"model": "auth.permission", "pk": 2, "fields": {"name": "Can change log entry", "content_type": 1, "codename": "change_logentry"}}, {"model": "auth.permission", "pk": 3, "fields": {"name": "Can delete log entry", "content_type": 1, "codename": "delete_logentry"}}, {"model": "auth.permission", "pk": 4, "fields": {"name": "Can view log entry", "content_type": 1, "codename": "view_logentry"}}, {"model": "auth.permission", "pk": 5, "fields": {"name": "Can add permission", "content_type": 2, "codename": "add_permission"}}, {"model": "auth.permission", "pk": 6, "fields": {"name": "Can change permission", "content_type": 2, "codename": "change_permission"}}, {"model": "auth.permission", "pk": 7, "fields": {"name": "Can delete permission", "content_type": 2, "codename": "delete_permission"}}, {"model": "auth.permission", "pk": 8, "fields": {"name": "Can view permission", "content_type": 2, "codename": "view_permission"}}, {"model": "auth.permission", "pk": 9, "fields": {"name": "Can add group", "content_type": 3, "codename": "add_group"}}, {"model": "auth.permission", "pk": 10, "fields": {"name": "Can change group", "content_type": 3, "codename": "change_group"}}, {"model": "auth.permission", "pk": 11, "fields": {"name": "Can delete group", "content_type": 3, "codename": "delete_group"}}, {"model": "auth.permission", "pk": 12, "fields": {"name": "Can view group", "content_type": 3, "codename": "view_group"}}, {"model": "auth.permission", "pk": 13, "fields": {"name": "Can add content type", "content_type": 4, "codename": "add_contenttype"}}, {"model": "auth.permission", "pk": 14, "fields": {"name": "Can change content type", "content_type": 4, "codename": "change_contenttype"}}, {"model": "auth.permission", "pk": 15, "fields": {"name": "Can delete content type", "content_type": 4, "codename": "delete_contenttype"}}, {"model": "auth.permission", "pk": 16, "fields": {"name": "Can view content type", "content_type": 4, "codename": "view_contenttype"}}, {"model": "auth.permission", "pk": 17, "fields": {"name": "Can add session", "content_type": 5, "codename": "add_session"}}, {"model": "auth.permission", "pk": 18, "fields": {"name": "Can change session", "content_type": 5, "codename": "change_session"}}, {"model": "auth.permission", "pk": 19, "fields": {"name": "Can delete session", "content_type": 5, "codename": "delete_session"}}, {"model": "auth.permission", "pk": 20, "fields": {"name": "Can view session", "content_type": 5, "codename": "view_session"}}, {"model": "auth.permission", "pk": 21, "fields": {"name": "Can add category", "content_type": 6, "codename": "add_category"}}, {"model": "auth.permission", "pk": 22, "fields": {"name": "Can change category", "content_type": 6, "codename": "change_category"}}, {"model": "auth.permission", "pk": 23, "fields": {"name": "Can delete category", "content_type": 6, "codename": "delete_category"}}, {"model": "auth.permission", "pk": 24, "fields": {"name": "Can view category", "content_type": 6, "codename": "view_category"}}, {"model": "auth.permission", "pk": 25, "fields": {"name": "Can add product", "content_type": 7, "codename": "add_product"}}, {"model": "auth.permission", "pk": 26, "fields": {"name": "Can change product", "content_type": 7, "codename": "change_product"}}, {"model": "auth.permission", "pk": 27, "fields": {"name": "Can delete product", "content_type": 7, "codename": "delete_product"}}, {"model": "auth.permission", "pk": 28, "fields": {"name": "Can view product", "content_type": 7, "codename": "view_product"}}, {"model": "auth.permission", "pk": 29, "fields": {"name": "Can add user", "content_type": 8, "codename": "add_shopuser"}}, {"model": "auth.permission", "pk": 30, "fields": {"name": "Can change user", "content_type": 8, "codename": "change_shopuser"}}, {"model": "auth.permission", "pk": 31, "fields": {"name": "Can delete user", "content_type": 8, "codename": "delete_shopuser"}}, {"model": "auth.permission", "pk": 32, "fields": {"name": "Can view user", "content_type": 8, "codename": "view_shopuser"}}, {"model": "auth.permission", "pk": 33, "fields": {"name": "Can add basket", "content_type": 9, "codename": "add_basket"}}, {"model": "auth.permission", "pk": 34, "fields": {"name": "Can change basket", "content_type": 9, "codename": "change_basket"}}, {"model": "auth.permission", "pk": 35, "fields": {"name": "Can delete basket", "content_type": 9, "codename": "delete_basket"}}, {"model": "auth.permission", "pk": 36, "fields": {"name": "Can view basket", "content_type": 9, "codename": "view_basket"}}, {"model": "auth.permission", "pk": 37, "fields": {"name": "Can add association", "content_type": 10, "codename": "add_association"}}, {"model": "auth.permission", "pk": 38, "fields": {"name": "Can change association", "content_type": 10, "codename": "change_association"}}, {"model": "auth.permission", "pk": 39, "fields": {"name": "Can delete association", "content_type": 10, "codename": "delete_association"}}, {"model": "auth.permission", "pk": 40, "fields": {"name": "Can view association", "content_type": 10, "codename": "view_association"}}, {"model": "auth.permission", "pk": 41, "fields": {"name": "Can add code", "content_type": 11, "codename": "add_code"}}, {"model": "auth.permission", "pk": 42, "fields": {"name": "Can change code", "content_type": 11, "codename": "change_code"}}, {"model": "auth.permission", "pk": 43, "fields": {"name": "Can delete code", "content_type": 11, "codename": "delete_code"}}, {"model": "auth.permission", "pk": 44, "fields": {"name": "Can view code", "content_type": 11, "codename": "view_code"}}, {"model": "auth.permission", "pk": 45, "fields": {"name": "Can add nonce", "content_type": 12, "codename": "add_nonce"}}, {"model": "auth.permission", "pk": 46, "fields": {"name": "Can change nonce", "content_type": 12, "codename": "change_nonce"}}, {"model": "auth.permission", "pk": 47, "fields": {"name": "Can delete nonce", "content_type": 12, "codename": "delete_nonce"}}, {"model": "auth.permission", "pk": 48, "fields": {"name": "Can view nonce", "content_type": 12, "codename": "view_nonce"}}, {"model": "auth.permission", "pk": 49, "fields": {"name": "Can add user social auth", "content_type": 13, "codename": "add_usersocialauth"}}, {"model": "auth.permission", "pk": 50, "fields": {"name": "Can change user social auth", "content_type": 13, "codename": "change_usersocialauth"}}, {"model": "auth.permission", "pk": 51, "fields": {"name": "Can delete user social auth", "content_type": 13, "codename": "delete_usersocialauth"}}, {"model": "auth.permission", "pk": 52, "fields": {"name": "Can view user social auth", "content_type": 13, "codename": "view_usersocialauth"}}, {"model": "auth.permission", "pk": 53, "fields": {"name": "Can add partial", "content_type": 14, "codename": "add_partial"}}, {"model": "auth.permission", "pk": 54, "fields": {"name": "Can change partial", "content_type": 14, "codename": "change_partial"}}, {"model": "auth.permission", "pk": 55, "fields": {"name": "Can delete partial", "content_type": 14, "codename": "delete_partial"}}, {"model": "auth.permission", "pk": 56, "fields": {"name": "Can view partial", "content_type": 14, "codename": "view_partial"}}, {"model": "auth.permission", "pk": 57, "fields": {"name": "Can add shop user profile", "content_type": 15, "codename": "add_shopuserprofile"}}, {"model": "auth.permission", "pk": 58, "fields": {"name": "Can change shop user profile", "content_type": 15, "codename": "change_shopuserprofile"}}, {"model": "auth.permission", "pk": 59, "fields": {"name": "Can delete shop user profile", "content_type": 15, "codename": "delete_shopuserprofile"}}, {"model": "auth.permission", "pk": 60, "fields": {"name": "Can view shop user profile", "content_type": 15, "codename": "view_shopuserprofile"}}, {"model": "auth.permission", "pk": 61, "fields": {"name": "Can add заказ", "content_type": 16, "codename": "add_order"}}, {"model": "auth.permission", "pk": 62, "fields": {"name": "Can change заказ", "content_type": 16, "codename": "change_order"}}, {"model": "auth.permission", "pk": 63, "fields": {"name": "Can delete заказ", "content_type": 16, "codename": "delete_order"}}, {"model": "auth.permission", "pk": 64, "fields": {"name": "Can view заказ", "content_type": 16, "codename": "view_order"}}, {"model": "auth.permission", "pk": 65, "fields": {"name": "Can add order item", "content_type": 17, "codename": "add_orderitem"}}, {"model": "auth.permission", "pk": 66, "fields": {"name": "Can change order item", "content_type": 17, "codename": "change_orderitem"}}, {"model": "auth.permission", "pk": 67, "fields": {"name": "Can delete order item", "content_type": 17, "codename": "delete_orderitem"}}, {"model": "auth.permission", "pk": 68, "fields": {"name": "Can view order item", "content_type": 17, "codename": "view_orderitem"}}, {"model": "sessions.session", "pk": "0hw9n9kzydsy7dwplk8ul5tl267zb8j1", "fields": {"session_data": "e30:1m5pr7:lkwzGrZRiHwvL8zr4A_2r_SDXDS0rrgQgs_bOH_8f1w", "expire_date": "2021-08-03T13:32:17.522Z"}}, {"model": "sessions.session", "pk": "1tm3g76mrhaoz9zhmszyzl9z8dphxau0", "fields": {"session_data": ".eJxVjMsOwiAQRf-FtSFAeXRcuvcbyDBDpWogKe3K-O_apAvd3nPOfYmI21ri1vMSZxZnoY04_Y4J6ZHrTviO9dYktbouc5K7Ig_a5bVxfl4O9--gYC_fOls7WKVHHQjAq8k6hNGBUUxgvfJJh4HIAieHIRuDAbSZEqPyjIFZvD_YGDen:1m8mT5:7Bx_rwBPx0YcT7KiaUbOqpOVvNCSb_Q7xOtVdKmvMs4", "expire_date": "2021-08-11T16:31:39.974Z"}}, {"model": "sessions.session", "pk": "1zkmhjdfdre0tzr11dzek6zzf7g5qkfq", "fields": {"session_data": ".eJxVjMsOwiAQRf-FtSFAeXRcuvcbyDBDpWogKe3K-O_apAvd3nPOfYmI21ri1vMSZxZnoY04_Y4J6ZHrTviO9dYktbouc5K7Ig_a5bVxfl4O9--gYC_fOls7WKVHHQjAq8k6hNGBUUxgvfJJh4HIAieHIRuDAbSZEqPyjIFZvD_YGDen:1m5NKM:nJvpa5cM_y-pTA0guBfOUPa6jRiH2eNw_K7eO_BQeaQ", "expire_date": "2021-08-02T07:04:34.237Z"}}, {"model": "sessions.session", "pk": "2xsk33gxq1fj68d2ou79llsyujo680nf", "fields": {"session_data": ".eJxVjMsOwiAQRf-FtSFAeXRcuvcbyDBDpWogKe3K-O_apAvd3nPOfYmI21ri1vMSZxZnoY04_Y4J6ZHrTviO9dYktbouc5K7Ig_a5bVxfl4O9--gYC_fOls7WKVHHQjAq8k6hNGBUUxgvfJJh4HIAieHIRuDAbSZEqPyjIFZvD_YGDen:1m9R0N:g-3V4kjqVlByVozjAM4rNizNroUOGV6bDX9CnT8bLtI", "expire_date": "2021-08-13T11:48:43.776Z"}}, {"model": "sessions.session", "pk": "4934x2llz5b8b5aw6gv212xumhm8jnjx", "fields": {"session_data": "e30:1m5t9e:hF8gAsjRJIixkTqS11z4HD6Q-GLm-fiyOSVxyigbAG8", "expire_date": "2021-08-03T17:03:38.944Z"}}, {"model": "sessions.session", "pk": "5mk1kracoj3yf0proz7rv8potousv794", "fields": {"session_data": ".eJxVjMsOwiAQRf-FtSFAeXRcuvcbyDBDpWogKe3K-O_apAvd3nPOfYmI21ri1vMSZxZnoY04_Y4J6ZHrTviO9dYktbouc5K7Ig_a5bVxfl4O9--gYC_fOls7WKVHHQjAq8k6hNGBUUxgvfJJh4HIAieHIRuDAbSZEqPyjIFZvD_YGDen:1m0tAg:xK6QoR6lCzrGCfXTRU1cEHil2dHfx6h92TZTuwkinCo", "expire_date": "2021-07-20T22:04:02.930Z"}}, {"model": "sessions.session", "pk": "66i27gvzoss9soihnq9tzf3impu491rd", "fields": {"session_data": "e30:1m6f8R:WvexrphnQUGcxP34mBkurUPLd4-aFOaDRmznxlJKWOQ", "expire_date": "2021-08-05T20:17:35.228Z"}}, {"model": "sessions.session", "pk": "7y0ji52y8cyjknrxq2stotmk32wnp1gn", "fields": {"session_data": ".eJxdj8tuwjAQRf_FawixY_xgh-iOqrBia9keh0RJ4yh2gAj13-sghFq25-rcO3NHnbtFtEErtECXZun1GCuiQtTRJWomIJ_Tflef_Nf3sbrKXjfimg89HnM6fYgkqdlQY3CDqiEpxRs02jaum5Pgba1bZf3gsicN2aXJTvvDdl7971U6VEnCjJTAqXBARSk1lrKkFgzGnEMBhtOCW0KA5QVQU-bYrIU0EkvGqGF0bVPpc_dR3eoQVevPdffnsNff6OcX5D5ZRA:1m8mTa:8aAZI5Shv2j75y7TyTF5LFcQubz5A8zrxe74vT9_2hI", "expire_date": "2021-08-11T16:32:10.207Z"}}, {"model": "sessions.session", "pk": "9n5kh0p3syooxjgaokov92qoimu46bm3", "fields": {"session_data": ".eJxVjMsOwiAQRf-FtSFAeXRcuvcbyDBDpWogKe3K-O_apAvd3nPOfYmI21ri1vMSZxZnoY04_Y4J6ZHrTviO9dYktbouc5K7Ig_a5bVxfl4O9--gYC_fOls7WKVHHQjAq8k6hNGBUUxgvfJJh4HIAieHIRuDAbSZEqPyjIFZvD_YGDen:1m5lBg:FoOCVRXhbcwsDJ9_6SKeM18iB7sYGAGxqXlgDY6oDLg", "expire_date": "2021-08-03T08:33:12.531Z"}}, {"model": "sessions.session", "pk": "byywg5ttoft7c6lvmppdtqypuifwubnf", "fields": {"session_data": "e30:1m5tgm:T1pDAt4MXpeQKiLF6TwllzFBNQ2E-swtXBnF1Y7Y0Ms", "expire_date": "2021-08-03T17:37:52.142Z"}}, {"model": "sessions.session", "pk": "g0nfrpy71i63r7ttaeo5oqsdarhs68rd", "fields": {"session_data": "e30:1m5psn:kftW2fGf0tiVAdlq8qwSGTdIeBWv7LFqR6xTnqbPh3o", "expire_date": "2021-08-03T13:34:01.823Z"}}, {"model": "sessions.session", "pk": "hetixww47lqpxnetlnl7oi66e19n5ui6", "fields": {"session_data": ".eJxVjMsOwiAQRf-FtSFAeXRcuvcbyDBDpWogKe3K-O_apAvd3nPOfYmI21ri1vMSZxZnoY04_Y4J6ZHrTviO9dYktbouc5K7Ig_a5bVxfl4O9--gYC_fOls7WKVHHQjAq8k6hNGBUUxgvfJJh4HIAieHIRuDAbSZEqPyjIFZvD_YGDen:1m6uPN:7RYnT3gzGC1Tkpaak-83jDC_xrfoX2QaIGivy6kumXc", "expire_date": "2021-08-06T12:36:05.029Z"}}, {"model": "sessions.session", "pk": "ipn7jfb2xp83jv8ntk6q8usjz2o1mihq", "fields": {"session_data": "e30:1m5tVt:AS4rgCmfqNthI8aZmfqMhJ7hU2C_B1466FuRziXWrCc", "expire_date": "2021-08-03T17:26:37.679Z"}}, {"model": "sessions.session", "pk": "jxzguvnv0g1c50z30akro6s6994xdv3y", "fields": {"session_data": ".eJxVjMsOwiAQRf-FtSFAeXRcuvcbyDBDpWogKe3K-O_apAvd3nPOfYmI21ri1vMSZxZnoY04_Y4J6ZHrTviO9dYktbouc5K7Ig_a5bVxfl4O9--gYC_fOls7WKVHHQjAq8k6hNGBUUxgvfJJh4HIAieHIRuDAbSZEqPyjIFZvD_YGDen:1m7ltZ:C4XT_QegQME39d43Z1nbyRXXZLrkdBridFnaWZcOV0M", "expire_date": "2021-08-08T21:42:49.716Z"}}, {"model": "sessions.session", "pk": "kwbkb0dgbm9k5942zh0ze9kq3gykf0lk", "fields": {"session_data": ".eJxVjMsOwiAQRf-FtSFAeXRcuvcbyDBDpWogKe3K-O_apAvd3nPOfYmI21ri1vMSZxZnoY04_Y4J6ZHrTviO9dYktbouc5K7Ig_a5bVxfl4O9--gYC_fOls7WKVHHQjAq8k6hNGBUUxgvfJJh4HIAieHIRuDAbSZEqPyjIFZvD_YGDen:1m5cBE:xEmbCxhyc-6EiM8MfvlWOXr7v2UcjyC0MLMlfoavBwo", "expire_date": "2021-08-02T22:56:08.280Z"}}, {"model": "sessions.session", "pk": "ljav8f6h48ox0g177k2huamqybro2k52", "fields": {"session_data": ".eJxVjMsOwiAQRf-FtSFAeXRcuvcbyDBDpWogKe3K-O_apAvd3nPOfYmI21ri1vMSZxZnoY04_Y4J6ZHrTviO9dYktbouc5K7Ig_a5bVxfl4O9--gYC_fOls7WKVHHQjAq8k6hNGBUUxgvfJJh4HIAieHIRuDAbSZEqPyjIFZvD_YGDen:1m9kob:yVZQmvUKxkMhflGFeIvD-tl7v8tMk9xKfE2_truYdu8", "expire_date": "2021-08-14T08:57:53.924Z"}}, {"model": "sessions.session", "pk": "oy6dbwrq0uu6vuz7to7ykzfkgft7loro", "fields": {"session_data": ".eJxVjEEOwiAQRe_C2pBCgYJL956BzAwzUjVtUtqV8e7apAvd_vfef6kM21rz1njJY1FnZdTpd0OgB087KHeYbrOmeVqXEfWu6IM2fZ0LPy-H-3dQodVvbUXQC7rQB2TPRImdFQeFLAFg57kYASjD0EdJNlhCpuiSMzYG6ZJ6fwAozTkm:1ltF87:vA1NoxrralOQid5SSrZae6gafZuxKLZcdvQ7oCoB6Zg", "expire_date": "2021-06-29T19:53:47.453Z"}}, {"model": "sessions.session", "pk": "qfw9nse6kq7tcprxxk6ydvsr2eo0agzi", "fields": {"session_data": ".eJxVjEEOwiAQRe_C2pBCgYJL956BzAwzUjVtUtqV8e7apAvd_vfef6kM21rz1njJY1FnZdTpd0OgB087KHeYbrOmeVqXEfWu6IM2fZ0LPy-H-3dQodVvbUXQC7rQB2TPRImdFQeFLAFg57kYASjD0EdJNlhCpuiSMzYG6ZJ6fwAozTkm:1ltE6J:__C7LKA626r7AslvUUhiRlMnEY-z5hoYmRe_Wd84kjM", "expire_date": "2021-06-29T18:47:51.222Z"}}, {"model": "sessions.session", "pk": "rl33ojuwor2x25ttrd5mpkpc3ibhijsw", "fields": {"session_data": ".eJxVjMsOwiAQRf-FtSFAeXRcuvcbyDBDpWogKe3K-O_apAvd3nPOfYmI21ri1vMSZxZnoY04_Y4J6ZHrTviO9dYktbouc5K7Ig_a5bVxfl4O9--gYC_fOls7WKVHHQjAq8k6hNGBUUxgvfJJh4HIAieHIRuDAbSZEqPyjIFZvD_YGDen:1m51zd:7SLCHdo4SVDMGZLFW5MenC-K7-3gCJY0uKhacddfrZM", "expire_date": "2021-08-01T08:17:45.391Z"}}, {"model": "sessions.session", "pk": "s1qno7oo0s614fktooxc6bvraz6jcq9j", "fields": {"session_data": ".eJxVjMsOwiAQRf-FtSFAeXRcuvcbyDBDpWogKe3K-O_apAvd3nPOfYmI21ri1vMSZxZnoY04_Y4J6ZHrTviO9dYktbouc5K7Ig_a5bVxfl4O9--gYC_fOls7WKVHHQjAq8k6hNGBUUxgvfJJh4HIAieHIRuDAbSZEqPyjIFZvD_YGDen:1m6dJH:ggUxKAvMzvFVXMnQ1n8Tv96X5cupG45rwyHQQxgTIRs", "expire_date": "2021-08-05T18:20:39.729Z"}}, {"model": "sessions.session", "pk": "u0mc9ba0xz70sacrywy4jb9uy8nvzxnz", "fields": {"session_data": "e30:1m5pvJ:knBnObvr3EJ7eWfPDH_EEu5ZuvxE0KFElgKBijuGq00", "expire_date": "2021-08-03T13:36:37.858Z"}}, {"model": "sessions.session", "pk": "x9qyj7fce3z33weeaof9tlwzv9lpz2u8", "fields": {"session_data": "e30:1m5teW:yb920MYaIArY0ITsxHmOCfKzC79WnfY4r7_lmbFh3Vs", "expire_date": "2021-08-03T17:35:32.420Z"}}, {"model": "sessions.session", "pk": "xboxaajkf6upzjkqxdklwdgt71ue7o6y", "fields": {"session_data": ".eJxVjMsOwiAQRf-FtSFAeXRcuvcbyDBDpWogKe3K-O_apAvd3nPOfYmI21ri1vMSZxZnoY04_Y4J6ZHrTviO9dYktbouc5K7Ig_a5bVxfl4O9--gYC_fOls7WKVHHQjAq8k6hNGBUUxgvfJJh4HIAieHIRuDAbSZEqPyjIFZvD_YGDen:1m67Ur:yImMHEd7eiAGU1HaGMxZhKZvp29bL5U0wCULgUMJLBY", "expire_date": "2021-08-04T08:22:29.337Z"}}, {"model": "sessions.session", "pk": "yhj2br9i6qb9tolmprv0jh0tn88i2m6m", "fields": {"session_data": ".eJxVjMsOwiAQRf-FtSFAeXRcuvcbyDBDpWogKe3K-O_apAvd3nPOfYmI21ri1vMSZxZnoY04_Y4J6ZHrTviO9dYktbouc5K7Ig_a5bVxfl4O9--gYC_fOls7WKVHHQjAq8k6hNGBUUxgvfJJh4HIAieHIRuDAbSZEqPyjIFZvD_YGDen:1m4s8k:1sErVsKFAXHlwQIBipZXfX2rzi13PKMO4h57GWgR4Ls", "expire_date": "2021-07-31T21:46:30.471Z"}}, {"model": "social_django.usersocialauth", "pk": 3, "fields": {"user": 38, "provider": "vk-oauth2", "uid": "93967287", "extra_data": "{\"auth_time\": 1627489929, \"id\": 93967287, \"expires\": 86400, \"access_token\": \"9148b1c7009ecdc2b0fb9ecf249baddc56cf31c6531a6c3c7e24b1aed8941afb5473fea807f69eb1fb075\", \"token_type\": null}", "created": "2021-07-26T07:13:37.905Z", "modified": "2021-07-28T16:32:09.978Z"}}, {"model": "products.category", "pk": 2, "fields": {"name": "Новинки", "description": "", "image": ""}}, {"model": "products.category", "pk": 3, "fields": {"name": "Одежда", "description": "", "image": ""}}, {"model": "products.category", "pk": 4, "fields": {"name": "Обувь", "description": "", "image": ""}}, {"model": "products.category", "pk": 5, "fields": {"name": "Аксесуары", "description": "", "image": ""}}, {"model": "products.category", "pk": 6, "fields": {"name": "Подарки", "description": "", "image": ""}}, {"model": "products.category", "pk": 7, "fields": {"name": "Костюмы", "description": "", "image": ""}}, {"model": "products.product", "pk": 3, "fields": {"name": "Худи черного цвета с монограммами adidas Originals", "description": "Мягкая ткань для свитшотов. Стиль и комфорт – это образ жизни.", "image": "products_images/Adidas-hoodie.png", "quantity": 8, "price": "6090.00", "category": 3, "is_active": true}}, {"model": "products.product", "pk": 4, "fields": {"name": "Синяя куртка The North Face", "description": "Гладкая ткань. Водонепроницаемое покрытие. Легкий и теплый пуховый наполнитель.", "image": "products_images/Blue-jacket-The-North-Face.png", "quantity": 2, "price": "23725.00", "category": 3, "is_active": true}}, {"model": "products.product", "pk": 5, "fields": {"name": "Коричневый спортивный oversized-топ ASOS DESIGN", "description": "Материал с плюшевой текстурой. Удобный и мягкий.", "image": "products_images/Brown-sports-oversized-top-ASOS-DESIGN.png", "quantity": 7, "price": "3390.00", "category": 3, "is_active": true}}, {"model": "products.product", "pk": 6, "fields": {"name": "Черный рюкзак Nike Heritage", "description": "Плотная ткань. Легкий материал.", "image": "products_images/Black-Nike-Heritage-backpack.png", "quantity": 5, "price": "2340.00", "category": 2, "is_active": true}}, {"model": "products.product", "pk": 7, "fields": {"name": "Черные туфли на платформе с 3 парами люверсов Dr Martens 1461 Be", "description": "Гладкий кожаный верх. Натуральный материал.", "image": "products_images/Black-Dr-Martens-shoes.png", "quantity": 6, "price": "13590.00", "category": 4, "is_active": true}}, {"model": "products.product", "pk": 8, "fields": {"name": "Темно-синие широкие строгие брюки ASOS DESIGN", "description": "Легкая эластичная ткань сирсакер Фактурная ткань.", "image": "products_images/Dark-blue-wide-leg-ASOs-DESIGN-trousers.png", "quantity": 3, "price": "2890.00", "category": 3, "is_active": true}}, {"model": "authapp.shopuser", "pk": 5, "fields": {"password": "pbkdf2_sha256$260000$VjSOBhQ1WdSsvmLpGvuGVy$GpfXVluDl3nF7DAxOO4hfZ7ofX7w6fGn8uhavX6NM4k=", "last_login": "2021-07-23T12:34:37.795Z", "is_superuser": false, "username": "vast", "first_name": "Василий2", "last_name": "Тёркин", "email": "vas@example.com", "is_staff": true, "is_active": true, "date_joined": "2021-06-27T20:03:19Z", "avatar": "users_avatars/rubik_hSeIa8P.png", "age": 18, "activation_key": "", "activation_key_expires": "2021-07-19T21:14:43.207Z", "groups": [], "user_permissions": [24, 25, 26, 27, 28]}}, {"model": "authapp.shopuser", "pk": 6, "fields": {"password": "pbkdf2_sha256$260000$6ZqWOHVY7SIR1QFGK0z8qx$b6Yf4sVJ/KkjPZHn9sRa4SDPvItyDRSsX7i2zbMrTpg=", "last_login": null, "is_superuser": false, "username": "user1", "first_name": "fname", "last_name": "sname", "email": "", "is_staff": false, "is_active": true, "date_joined": "2021-06-28T11:35:08.597Z", "avatar": "users_avatars/муха.png", "age": 18, "activation_key": "", "activation_key_expires": "2021-07-19T21:14:43.207Z", "groups": [], "user_permissions": []}}, {"model": "authapp.shopuser", "pk": 7, "fields": {"password": "pbkdf2_sha256$260000$GEJVXthLkAHtfyZllpKchS$ooCBFKn0ZqvwnbeJHsinAFfWfF54ugmlJKzepncmsdw=", "last_login": null, "is_superuser": false, "username": "djangodjango", "first_name": "Джанго", "last_name": "Джангович", "email": "mail@example.com", "is_staff": false, "is_active": true, "date_joined": "2021-07-04T21:21:51.727Z", "avatar": "users_avatars/img63692-1_aKYBzCo.png", "age": 18, "activation_key": "", "activation_key_expires": "2021-07-19T21:14:43.207Z", "groups": [], "user_permissions": []}}, {"model": "authapp.shopuser", "pk": 8, "fields": {"password": "pbkdf2_sha256$260000$Xgzj2A5lIpzQ1zdpbHE1tH$vIlBVaXjAtUmKNqCXlOD0DpnrrBCdrMHIyGvnsY/twc=", "last_login": null, "is_superuser": false, "username": "ivang", "first_name": "Иван", "last_name": "Грозный", "email": "ivang@example.com", "is_staff": false, "is_active": true, "date_joined": "2021-07-04T21:28:08.688Z", "avatar": "", "age": null, "activation_key": "", "activation_key_expires": "2021-07-19T21:14:43.207Z", "groups": [], "user_permissions": []}}, {"model": "authapp.shopuser", "pk": 9, "fields": {"password": "pbkdf2_sha256$260000$lvRb219HnWcaSWEBbPblN4$Fw3YhSl99i+DcisBfRu8y0VkmaXmagLMF3ZnZP/1hA8=", "last_login": null, "is_superuser": false, "username": "stas1", "first_name": "Стас1", "last_name": "Вершинин", "email": "stas@example.com", "is_staff": false, "is_active": false, "date_joined": "2021-07-05T08:28:06.452Z", "avatar": "users_avatars/муха_Qvwsbjv.png", "age": null, "activation_key": "", "activation_key_expires": "2021-07-19T21:14:43.207Z", "groups": [], "user_permissions": []}}, {"model": "authapp.shopuser", "pk": 12, "fields": {"password": "pbkdf2_sha256$260000$Hutxp8lrYyRItUCNvauBtc$qhXH3UapybOff7GpF6JhP2ofbXyBcIBKDHlJZb3fIo4=", "last_login": "2021-07-31T08:57:53.833Z", "is_superuser": true, "username": "django", "first_name": "", "last_name": "", "email": "mail@example.com", "is_staff": true, "is_active": true, "date_joined": "2021-07-06T22:02:46Z", "avatar": "", "age": null, "activation_key": "", "activation_key_expires": "2021-07-19T21:14:43Z", "groups": [], "user_permissions": []}}, {"model": "authapp.shopuser", "pk": 35, "fields": {"password": "pbkdf2_sha256$260000$dlgW1l3Dlam8DBMID79aye$SQHku6lo9nb6xeho4xFb0ktsw7vSYHXrGObdS00mMkw=", "last_login": "2021-07-23T13:07:22.999Z", "is_superuser": false, "username": "testuser", "first_name": "test", "last_name": "test", "email": "rt_free@mail.ru", "is_staff": false, "is_active": true, "date_joined": "2021-07-19T07:08:11Z", "avatar": "", "age": 18, "activation_key": "70833bf7aecb15b07cab72fc0067c79e4c7c6fe1", "activation_key_expires": "2021-07-21T07:03:19Z", "groups": [], "user_permissions": []}}, {"model": "authapp.shopuser", "pk": 38, "fields": {"password": "!7VqfomWArsJHEfuLwrGQyh8r1uy9zBmG8khcy2AO", "last_login": "2021-07-28T16:32:10.117Z", "is_superuser": false, "username": "teterin.ra_79", "first_name": "Роман", "last_name": "Тетерин", "email": "rt_free@mail.ru", "is_staff": false, "is_active": true, "date_joined": "2021-07-26T07:13:37.283Z", "avatar": "", "age": null, "activation_key": "", "activation_key_expires": "2021-07-28T07:12:35.420Z", "groups": [], "user_permissions": []}}, {"model": "authapp.shopuserprofile", "pk": 1, "fields": {"user": 5, "tagline": "", "about_me": "", "gender": ""}}, {"model": "authapp.shopuserprofile", "pk": 2, "fields": {"user": 6, "tagline": "", "about_me": "", "gender": ""}}, {"model": "authapp.shopuserprofile", "pk": 3, "fields": {"user": 7, "tagline": "", "about_me": "", "gender": ""}}, {"model": "authapp.shopuserprofile", "pk": 4, "fields": {"user": 8, "tagline": "", "about_me": "", "gender": ""}}, {"model": "authapp.shopuserprofile", "pk": 5, "fields": {"user": 9, "tagline": "", "about_me": "", "gender": ""}}, {"model": "authapp.shopuserprofile", "pk": 6, "fields": {"user": 12, "tagline": "", "about_me": "", "gender": ""}}, {"model": "authapp.shopuserprofile", "pk": 7, "fields": {"user": 35, "tagline": "", "about_me": "", "gender": ""}}, {"model": "authapp.shopuserprofile", "pk": 10, "fields": {"user": 38, "tagline": "", "about_me": "", "gender": "M"}}, {"model": "baskets.basket", "pk": 6, "fields": {"user": 5, "product": 4, "quantity": 3, "created_timestamp": "2021-07-01T13:31:27.564Z"}}, {"model": "baskets.basket", "pk": 7, "fields": {"user": 5, "product": 5, "quantity": 11, "created_timestamp": "2021-07-01T19:52:10.980Z"}}, {"model": "baskets.basket", "pk": 20, "fields": {"user": 12, "product": 6, "quantity": 3, "created_timestamp": "2021-07-28T15:30:05.627Z"}}, {"model": "ordersapp.order", "pk": 1, "fields": {"user": 38, "created": "2021-07-28T10:21:31.123Z", "updated": "2021-07-28T16:33:41.469Z", "status": "FM", "is_active": false}}, {"model": "ordersapp.order", "pk": 2, "fields": {"user": 38, "created": "2021-07-28T10:21:44.914Z", "updated": "2021-07-28T10:21:45.111Z", "status": "FM", "is_active": false}}, {"model": "ordersapp.order", "pk": 4, "fields": {"user": 38, "created": "2021-07-28T18:36:42.310Z", "updated": "2021-07-29T18:05:20.977Z", "status": "FM", "is_active": true}}, {"model": "ordersapp.order", "pk": 5, "fields": {"user": 38, "created": "2021-07-30T11:51:22.394Z", "updated": "2021-07-30T11:51:22.449Z", "status": "FM", "is_active": true}}, {"model": "ordersapp.orderitem", "pk": 1, "fields": {"order": 1, "product": 5, "quantity": 1}}, {"model": "ordersapp.orderitem", "pk": 2, "fields": {"order": 1, "product": 4, "quantity": 1}}, {"model": "ordersapp.orderitem", "pk": 3, "fields": {"order": 2, "product": 5, "quantity": 0}}, {"model": "ordersapp.orderitem", "pk": 7, "fields": {"order": 4, "product": 4, "quantity": 3}}, {"model": "ordersapp.orderitem", "pk": 8, "fields": {"order": 4, "product": 6, "quantity": 7}}, {"model": "ordersapp.orderitem", "pk": 9, "fields": {"order": 5, "product": 5, "quantity": 3}}, {"model": "ordersapp.orderitem", "pk": 10, "fields": {"order": 5, "product": 8, "quantity": 1}}, {"model": "ordersapp.orderitem", "pk": 11, "fields": {"order": 5, "product": 7, "quantity": 2}}]